AS1,AS2,BI1,BI2,BI3,D1,D2,ColorScore,Label
0.9284412998347668,0.6392407744778206,0.16029772949087828,37.303444190967156,0.375093998911178,248.1845552603333,61.40119488288619,2,0
