AS1,AS2,BI1,BI2,BI3,D1,D2,ColorScore,Label
0.6493249231090028,0.7018714486785175,0.8143894172829168,21.878926341784304,0.06806981403721009,454.02121034717277,271.5463264994741,3,1
