AS1,AS2,BI1,BI2,BI3,D1,D2,ColorScore,Label
0.26170964891138426,0.34028279906804854,0.16455893990332515,41.303579771299376,0.2161126286503909,371.2074502301122,144.34727555427173,1,0
